cod_ibge,ano,pib_per_capita
2100055,2023,40114.14
2100105,2023,17184.43
2100154,2023,10768.08
2100204,2023,9219.73
2100303,2023,14396.88
2100402,2023,13702.92
2100436,2023,15731.63
2100477,2023,12063.08
2100501,2023,51649.06
2100550,2023,13253.23
2100600,2023,13503.63
2100709,2023,10087.62
2100808,2023,13979.02
2100832,2023,9710.44
2100873,2023,11442.19
2100907,2023,8996.31
2100956,2023,12565.09
2101004,2023,14342.85
2101103,2023,10019.58
2101202,2023,18444.22
2101251,2023,27480.01
2101301,2023,9598.72
2101350,2023,9927.23
2101400,2023,73990.57
2101509,2023,16324.78
2101608,2023,13698.13
2101707,2023,12453.14
2101731,2023,11922.31
2101772,2023,11354.34
2101806,2023,17270.78
2101905,2023,8485.16
2101939,2023,47280.47
2101970,2023,12320.09
2102002,2023,17253.80
2102036,2023,15971.39
2102077,2023,12205.69
2102101,2023,12498.20
2102150,2023,9773.15
2102200,2023,11201.96
2102309,2023,13775.43
2102325,2023,18169.31
2102358,2023,12116.72
2102374,2023,8738.44
2102408,2023,8079.74
2102507,2023,9450.60
2102556,2023,24653.05
2102606,2023,10261.18
2102705,2023,9598.52
2102754,2023,18969.01
2102804,2023,24753.29
2102903,2023,10167.80
2103000,2023,17175.06
2103109,2023,8440.92
2103125,2023,9748.27
2103158,2023,11142.47
2103174,2023,14545.42
2103208,2023,13890.13
2103257,2023,18817.35
2103307,2023,15821.78
2103406,2023,11671.50
2103505,2023,18102.24
2103554,2023,10710.68
2103604,2023,10702.15
2103703,2023,10872.19
2103752,2023,15139.67
2103802,2023,13647.15
2103901,2023,10637.54
2104008,2023,11078.38
2104057,2023,35904.33
2104073,2023,16523.71
2104081,2023,14693.35
2104099,2023,14506.91
2104107,2023,28041.79
2104206,2023,12624.11
2104305,2023,83956.96
2104404,2023,10872.93
2104503,2023,12026.90
2104552,2023,24333.68
2104602,2023,14011.08
2104628,2023,15334.15
2104651,2023,11225.06
2104677,2023,14041.96
2104701,2023,11105.13
2104800,2023,19161.36
2104909,2023,10133.25
2105005,2023,9393.62
2105104,2023,8547.25
2105153,2023,33268.01
2105203,2023,13502.48
2105302,2023,34695.92
2105351,2023,9841.55
2105401,2023,14724.16
2105427,2023,30538.53
2105450,2023,11171.22
2105476,2023,10197.08
2105500,2023,14678.53
2105609,2023,9365.69
2105658,2023,13892.46
2105708,2023,13988.88
2105807,2023,11389.04
2105906,2023,11470.32
2105922,2023,20010.09
2105948,2023,11909.24
2105963,2023,11286.55
2105989,2023,17394.42
2106003,2023,21051.33
2106102,2023,33711.07
2106201,2023,10158.85
2106300,2023,13150.33
2106326,2023,13014.63
2106359,2023,16511.08
2106375,2023,10657.96
2106409,2023,13241.83
2106508,2023,10553.40
2106607,2023,10393.53
2106631,2023,7722.89
2106672,2023,10661.89
2106706,2023,18538.13
2106755,2023,24235.93
2106805,2023,9531.74
2106904,2023,10102.97
2107001,2023,13118.05
2107100,2023,10264.76
2107209,2023,7701.32
2107258,2023,19063.46
2107308,2023,12369.38
2107357,2023,12013.65
2107407,2023,12598.62
2107456,2023,9778.41
2107506,2023,11284.69
2107605,2023,8936.31
2107704,2023,11508.27
2107803,2023,12217.38
2107902,2023,12021.73
2108009,2023,17160.52
2108058,2023,9262.69
2108108,2023,12834.92
2108207,2023,22406.76
2108256,2023,9284.32
2108306,2023,9636.50
2108405,2023,9904.56
2108454,2023,13571.72
2108504,2023,11345.69
2108603,2023,15752.59
2108702,2023,12306.70
2108801,2023,10470.22
2108900,2023,12897.08
2109007,2023,52413.93
2109056,2023,10710.35
2109106,2023,21926.09
2109205,2023,9022.35
2109239,2023,15862.11
2109270,2023,10624.35
2109304,2023,10321.75
2109403,2023,8851.76
2109452,2023,12356.79
2109502,2023,31054.46
2109551,2023,20081.03
2109601,2023,13577.52
2109700,2023,77826.91
2109759,2023,10734.08
2109809,2023,11643.19
2109908,2023,21615.44
2110005,2023,17104.34
2110039,2023,15747.06
2110104,2023,16349.22
2110203,2023,9848.68
2110237,2023,10953.69
2110278,2023,9438.49
2110302,2023,362455.53
2110401,2023,10154.34
2110500,2023,8711.05
2110609,2023,14259.34
2110658,2023,42493.64
2110708,2023,14099.18
2110807,2023,20899.87
2110856,2023,15328.33
2110906,2023,10559.41
2111003,2023,8246.12
2111029,2023,11737.61
2111052,2023,22872.04
2111078,2023,12348.80
2111102,2023,17757.21
2111201,2023,12820.31
2111250,2023,10914.13
2111300,2023,40846.09
2111409,2023,11130.03
2111508,2023,15105.92
2111532,2023,10416.97
2111573,2023,17971.32
2111607,2023,58377.97
2111631,2023,11082.44
2111672,2023,12879.95
2111706,2023,9423.28
2111722,2023,12286.11
2111748,2023,14237.70
2111763,2023,15315.72
2111789,2023,11596.98
2111805,2023,17113.22
2111904,2023,18940.16
2111953,2023,12680.92
2112001,2023,295272.88
2112100,2023,9384.38
2112209,2023,16279.06
2112233,2023,19415.11
2112274,2023,13757.12
2112308,2023,11313.54
2112407,2023,11068.66
2112456,2023,8850.13
2112506,2023,12045.75
2112605,2023,9604.74
2112704,2023,10803.06
2112803,2023,11833.36
2112852,2023,18480.53
2112902,2023,13318.18
2113009,2023,13339.39
2114007,2023,16809.82
2200053,2023,13228.09
2200103,2023,11606.34
2200202,2023,17272.65
2200251,2023,11847.35
2200277,2023,12162.15
2200301,2023,10899.42
2200400,2023,16119.40
2200459,2023,20497.64
2200509,2023,14155.37
2200608,2023,12417.16
2200707,2023,13286.92
2200806,2023,62696.38
2200905,2023,12942.71
2200954,2023,11724.87
2201002,2023,13303.84
2201051,2023,10875.60
2201101,2023,11700.46
2201150,2023,200215.82
2201176,2023,11832.45
2201200,2023,14048.62
2201309,2023,42138.94
2201408,2023,15795.87
2201507,2023,11641.69
2201556,2023,15468.75
2201572,2023,13883.53
2201606,2023,11911.09
2201705,2023,16332.93
2201739,2023,19313.04
2201770,2023,11296.52
2201804,2023,13152.78
2201903,2023,57705.04
2201919,2023,14666.17
2201929,2023,11517.94
2201945,2023,10301.58
2201960,2023,11986.39
2201988,2023,14845.30
2202000,2023,14064.64
2202026,2023,13272.71
2202059,2023,10557.84
2202075,2023,14683.77
2202083,2023,19161.91
2202091,2023,44297.15
2202109,2023,15233.16
2202117,2023,13472.82
2202133,2023,12831.10
2202174,2023,10901.91
2202208,2023,20544.67
2202251,2023,15240.82
2202307,2023,17710.90
2202406,2023,11984.82
2202455,2023,14772.10
2202505,2023,12361.23
2202539,2023,12073.98
2202554,2023,14417.59
2202604,2023,12158.93
2202653,2023,12484.71
2202703,2023,12471.02
2202711,2023,12283.53
2202729,2023,11496.10
2202737,2023,12151.73
2202752,2023,15113.64
2202778,2023,11779.10
2202802,2023,17925.48
2202851,2023,13110.13
2202901,2023,28016.04
2203008,2023,12173.36
2203107,2023,14823.95
2203206,2023,16527.00
2203230,2023,117417.76
2203255,2023,12173.89
2203271,2023,19440.19
2203305,2023,21011.05
2203354,2023,12703.54
2203404,2023,14868.51
2203420,2023,13728.32
2203453,2023,23191.40
2203503,2023,15350.39
2203602,2023,15043.25
2203701,2023,15398.90
2203750,2023,11947.83
2203800,2023,12494.08
2203859,2023,13563.00
2203909,2023,27298.79
2204006,2023,12694.99
2204105,2023,15148.00
2204154,2023,12788.14
2204204,2023,13541.51
2204303,2023,13660.66
2204352,2023,13018.59
2204402,2023,45029.85
2204501,2023,56958.73
2204550,2023,14100.55
2204600,2023,11700.17
2204659,2023,14324.15
2204709,2023,12709.56
2204808,2023,10805.77
2204907,2023,12081.16
2205003,2023,11756.39
2205102,2023,15919.97
2205151,2023,16246.53
2205201,2023,12226.28
2205250,2023,12314.82
2205276,2023,15576.98
2205300,2023,15315.81
2205359,2023,27629.45
2205409,2023,10481.29
2205458,2023,10775.79
2205508,2023,13013.65
2205516,2023,12918.12
2205524,2023,20016.12
2205532,2023,13120.56
2205540,2023,15852.26
2205557,2023,11635.73
2205565,2023,73812.32
2205573,2023,10787.99
2205581,2023,20966.44
2205599,2023,11843.89
2205607,2023,24792.33
2205706,2023,15071.51
2205805,2023,12553.79
2205854,2023,10871.74
2205904,2023,13333.95
2205953,2023,22835.46
2206001,2023,14543.85
2206050,2023,11675.45
2206100,2023,12453.37
2206209,2023,13122.77
2206308,2023,26322.75
2206357,2023,10382.88
2206407,2023,15760.80
2206506,2023,12065.99
2206605,2023,36708.60
2206654,2023,12180.55
2206670,2023,11779.57
2206696,2023,10577.77
2206704,2023,11824.78
2206720,2023,13065.29
2206753,2023,13242.08
2206803,2023,13812.42
2206902,2023,10956.76
2206951,2023,13640.99
2207009,2023,19394.05
2207108,2023,14541.65
2207207,2023,13858.49
2207306,2023,14242.71
2207355,2023,20361.28
2207405,2023,36399.15
2207504,2023,12640.47
2207553,2023,13956.62
2207603,2023,13258.33
2207702,2023,22707.01
2207751,2023,15170.04
2207777,2023,12099.70
2207793,2023,11328.40
2207801,2023,17060.81
2207850,2023,12630.47
2207900,2023,13193.01
2207934,2023,15534.90
2207959,2023,12672.74
2208007,2023,29566.51
2208106,2023,10603.74
2208205,2023,13288.76
2208304,2023,16108.84
2208403,2023,18956.35
2208502,2023,11871.67
2208551,2023,20238.28
2208601,2023,14252.26
2208650,2023,21609.96
2208700,2023,14964.67
2208809,2023,19682.83
2208858,2023,14766.73
2208874,2023,68568.72
2208908,2023,150461.52
2209005,2023,13083.68
2209104,2023,13385.79
2209153,2023,15048.02
2209203,2023,129679.30
2209302,2023,16432.64
2209351,2023,12698.11
2209377,2023,13644.03
2209401,2023,16757.76
2209450,2023,11826.19
2209500,2023,13507.31
2209559,2023,12331.40
2209609,2023,13379.12
2209658,2023,12243.76
2209708,2023,12474.73
2209757,2023,21789.25
2209807,2023,16647.33
2209856,2023,12796.34
2209872,2023,13571.17
2209906,2023,11896.97
2209955,2023,10481.35
2209971,2023,11715.58
2210003,2023,19535.91
2210052,2023,17147.17
2210102,2023,15177.13
2210201,2023,12280.81
2210300,2023,11258.36
2210359,2023,12450.59
2210375,2023,12313.77
2210383,2023,14503.85
2210391,2023,13020.74
2210409,2023,11768.94
2210508,2023,11592.28
2210607,2023,19566.06
2210623,2023,17981.65
2210631,2023,163047.99
2210656,2023,10254.31
2210706,2023,37844.46
2210805,2023,17066.38
2210904,2023,12776.50
2210938,2023,13712.76
2210953,2023,13270.12
2210979,2023,19013.40
2211001,2023,33994.07
2211100,2023,13207.62
2211209,2023,167688.99
2211308,2023,17319.61
2211357,2023,12036.82
2211407,2023,12375.88
2211506,2023,12180.94
2211605,2023,14283.09
2211704,2023,14324.63
2300101,2023,14318.54
2300150,2023,15717.86
2300200,2023,19156.82
2300309,2023,15424.91
2300408,2023,12011.64
2300507,2023,10171.74
2300606,2023,13584.14
2300705,2023,19347.47
2300754,2023,19169.89
2300804,2023,13967.01
2300903,2023,12907.16
2301000,2023,60152.62
2301109,2023,26180.20
2301208,2023,13160.26
2301257,2023,12925.74
2301307,2023,13100.54
2301406,2023,17021.99
2301505,2023,11856.04
2301604,2023,14278.67
2301703,2023,12311.31
2301802,2023,12708.29
2301851,2023,18527.40
2301901,2023,21942.40
2301950,2023,12926.25
2302008,2023,14785.48
2302057,2023,11653.59
2302107,2023,16417.82
2302206,2023,27215.14
2302305,2023,11642.05
2302404,2023,14237.39
2302503,2023,24737.96
2302602,2023,15770.09
2302701,2023,14724.76
2302800,2023,16108.97
2302909,2023,13129.77
2303006,2023,12806.25
2303105,2023,13868.99
2303204,2023,11213.37
2303303,2023,13504.03
2303402,2023,12252.46
2303501,2023,18349.34
2303600,2023,14835.36
2303659,2023,13185.00
2303709,2023,27759.74
2303808,2023,13608.60
2303907,2023,11331.32
2303931,2023,17458.87
2303956,2023,13329.65
2304004,2023,12672.14
2304103,2023,16476.30
2304202,2023,18661.32
2304236,2023,16175.67
2304251,2023,19006.85
2304269,2023,13929.93
2304277,2023,16399.02
2304285,2023,66608.49
2304301,2023,13295.83
2304350,2023,14326.07
2304400,2023,35796.74
2304459,2023,22627.87
2304509,2023,27047.96
2304608,2023,14464.84
2304657,2023,11557.56
2304707,2023,10523.67
2304806,2023,13935.81
2304905,2023,12462.62
2304954,2023,12971.10
2305001,2023,20886.84
2305100,2023,18538.33
2305209,2023,13420.73
2305233,2023,39660.41
2305266,2023,13697.30
2305308,2023,18022.32
2305332,2023,12994.36
2305357,2023,21144.28
2305407,2023,14749.95
2305506,2023,23882.71
2305605,2023,16988.35
2305654,2023,11589.61
2305704,2023,15464.79
2305803,2023,16467.92
2305902,2023,11055.80
2306009,2023,18081.15
2306108,2023,11357.81
2306207,2023,13753.44
2306256,2023,36391.91
2306306,2023,15971.93
2306405,2023,19450.22
2306504,2023,11994.80
2306553,2023,16555.28
2306603,2023,11561.29
2306702,2023,18394.06
2306801,2023,18977.72
2306900,2023,21966.06
2307007,2023,20980.09
2307106,2023,13484.67
2307205,2023,16531.25
2307254,2023,27829.90
2307304,2023,22569.35
2307403,2023,16319.28
2307502,2023,14447.10
2307601,2023,31129.36
2307635,2023,12766.11
2307650,2023,57738.06
2307700,2023,19137.28
2307809,2023,17579.65
2307908,2023,11568.49
2308005,2023,12818.80
2308104,2023,15532.29
2308203,2023,10995.82
2308302,2023,12943.58
2308351,2023,17718.68
2308377,2023,9964.94
2308401,2023,16247.37
2308500,2023,14622.86
2308609,2023,12300.30
2308708,2023,30564.62
2308807,2023,10427.70
2308906,2023,10547.85
2309003,2023,12593.56
2309102,2023,13861.54
2309201,2023,13432.00
2309300,2023,14103.00
2309409,2023,12477.09
2309458,2023,13174.62
2309508,2023,13610.72
2309607,2023,25471.85
2309706,2023,21028.81
2309805,2023,15678.43
2309904,2023,13155.83
2310001,2023,13392.00
2310100,2023,13792.65
2310209,2023,17434.25
2310258,2023,19061.63
2310308,2023,11114.27
2310407,2023,13246.64
2310506,2023,11973.96
2310605,2023,16639.85
2310704,2023,13810.55
2310803,2023,42816.22
2310852,2023,15531.35
2310902,2023,12249.22
2310951,2023,9767.22
2311009,2023,11515.35
2311108,2023,13631.56
2311207,2023,13696.53
2311231,2023,17466.56
2311264,2023,12363.25
2311306,2023,16923.75
2311355,2023,15166.35
2311405,2023,23468.36
2311504,2023,38601.98
2311603,2023,19137.44
2311702,2023,12820.48
2311801,2023,20809.29
2311900,2023,13773.77
2311959,2023,13369.77
2312007,2023,11499.03
2312106,2023,11277.43
2312205,2023,21382.80
2312304,2023,18535.35
2312403,2023,127594.94
2312502,2023,23410.41
2312601,2023,14876.80
2312700,2023,19529.38
2312809,2023,11328.78
2312908,2023,32454.10
2313005,2023,20391.26
2313104,2023,19072.63
2313203,2023,12863.25
2313252,2023,15516.98
2313302,2023,15260.41
2313351,2023,10163.75
2313401,2023,27792.47
2313500,2023,17787.95
2313559,2023,10667.10
2313609,2023,25632.11
2313708,2023,12462.89
2313757,2023,12059.06
2313807,2023,22056.26
2313906,2023,18516.97
2313955,2023,26958.52
2314003,2023,14755.13
2314102,2023,12112.31
2400109,2023,18479.58
2400208,2023,38412.94
2400307,2023,14846.49
2400406,2023,14444.70
2400505,2023,15331.16
2400604,2023,14578.35
2400703,2023,72315.21
2400802,2023,22173.27
2400901,2023,12082.07
2401008,2023,26239.53
2401107,2023,45226.72
2401206,2023,35565.91
2401305,2023,14017.60
2401404,2023,38064.95
2401453,2023,36828.45
2401503,2023,15951.65
2401602,2023,26749.41
2401651,2023,104148.52
2401701,2023,14119.66
2401800,2023,13781.63
2401859,2023,19006.95
2401909,2023,145099.23
2402006,2023,28387.75
2402105,2023,12919.69
2402204,2023,20761.66
2402303,2023,27543.25
2402402,2023,18881.59
2402501,2023,23864.16
2402600,2023,15930.56
2402709,2023,20485.65
2402808,2023,12792.57
2402907,2023,12785.04
2403004,2023,19330.66
2403103,2023,23136.71
2403202,2023,15071.49
2403251,2023,30107.02
2403301,2023,12474.01
2403400,2023,16821.12
2403509,2023,11928.61
2403608,2023,16005.64
2403707,2023,48316.51
2403756,2023,21100.64
2403806,2023,14957.08
2403905,2023,15770.38
2404002,2023,14311.89
2404101,2023,78741.62
2404200,2023,24171.98
2404309,2023,49936.49
2404408,2023,18734.49
2404507,2023,168808.24
2404606,2023,14546.22
2404705,2023,18669.94
2404804,2023,20967.76
2404853,2023,24682.92
2404903,2023,17100.78
2405009,2023,12847.11
2405108,2023,55417.28
2405207,2023,22084.25
2405306,2023,11980.50
2405405,2023,13519.14
2405504,2023,28428.38
2405603,2023,19758.23
2405702,2023,20992.11
2405801,2023,45870.29
2405900,2023,16281.41
2406007,2023,15216.65
2406106,2023,24884.25
2406155,2023,12648.01
2406205,2023,13817.96
2406304,2023,13768.06
2406403,2023,19066.57
2406502,2023,20940.54
2406601,2023,14963.74
2406700,2023,64126.26
2406809,2023,14265.69
2406908,2023,17501.97
2407005,2023,12392.43
2407104,2023,29857.38
2407203,2023,48071.89
2407252,2023,16749.53
2407302,2023,12813.75
2407401,2023,15962.40
2407500,2023,16133.95
2407609,2023,15284.31
2407708,2023,13890.43
2407807,2023,15142.66
2407906,2023,20176.56
2408003,2023,39019.51
2408102,2023,41477.50
2408201,2023,17949.98
2408300,2023,18396.12
2408409,2023,15101.60
2408508,2023,16464.35
2408607,2023,14250.66
2408706,2023,17365.08
2408805,2023,109346.87
2408904,2023,22037.08
2408953,2023,20022.14
2409100,2023,16175.64
2409209,2023,14954.29
2409308,2023,18001.79
2409332,2023,18512.21
2409407,2023,27157.19
2409506,2023,89940.55
2409605,2023,26726.71
2409704,2023,45194.41
2409803,2023,14532.43
2409902,2023,54449.39
2410009,2023,17049.05
2410108,2023,13002.67
2410207,2023,13134.07
2410256,2023,32595.41
2410306,2023,14000.98
2410405,2023,19535.22
2410504,2023,11389.04
2410603,2023,16458.77
2410702,2023,15867.02
2410801,2023,13044.94
2410900,2023,43298.29
2411007,2023,15974.87
2411056,2023,28817.27
2411106,2023,68072.02
2411205,2023,19197.31
2411403,2023,16625.53
2411429,2023,19083.45
2411502,2023,15309.34
2411601,2023,119507.48
2411700,2023,15361.52
2411809,2023,22210.80
2411908,2023,17869.95
2412005,2023,22346.41
2412104,2023,16802.01
2412203,2023,30829.42
2412302,2023,14857.46
2412401,2023,23376.10
2412500,2023,17846.95
2412559,2023,69670.12
2412609,2023,17314.45
2412708,2023,12552.69
2412807,2023,14036.42
2412906,2023,18537.54
2413003,2023,15920.43
2413102,2023,13767.86
2413201,2023,28176.06
2413300,2023,14875.07
2413359,2023,52352.07
2413409,2023,21368.80
2413508,2023,14351.76
2413557,2023,13891.79
2413607,2023,17654.53
2413706,2023,13793.54
2413805,2023,18629.47
2413904,2023,16117.22
2414001,2023,16941.50
2414100,2023,13914.90
2414159,2023,20453.69
2414209,2023,34037.14
2414308,2023,20162.37
2414407,2023,30745.28
2414456,2023,16571.20
2414506,2023,16577.89
2414605,2023,27268.15
2414704,2023,13912.23
2414753,2023,15882.39
2414803,2023,15586.96
2414902,2023,16309.97
2415008,2023,15709.84
2500106,2023,11501.68
2500205,2023,13708.84
2500304,2023,14090.70
2500403,2023,17932.95
2500502,2023,12144.72
2500536,2023,12611.68
2500577,2023,13031.67
2500601,2023,144880.45
2500700,2023,15924.07
2500734,2023,16579.74
2500775,2023,18547.41
2500809,2023,14004.13
2500908,2023,10970.95
2501005,2023,14201.47
2501104,2023,15707.70
2501153,2023,13923.16
2501203,2023,11428.62
2501302,2023,17519.32
2501351,2023,13554.69
2501401,2023,14143.74
2501500,2023,16036.12
2501534,2023,13020.23
2501575,2023,14284.72
2501609,2023,14567.16
2501708,2023,17189.93
2501807,2023,22950.86
2501906,2023,16380.42
2502003,2023,14862.74
2502052,2023,15331.28
2502102,2023,12214.49
2502151,2023,50093.52
2502201,2023,17633.42
2502300,2023,14280.43
2502409,2023,11664.64
2502508,2023,17209.34
2502607,2023,12941.81
2502706,2023,19143.68
2502805,2023,15228.47
2502904,2023,13777.65
2503001,2023,25723.46
2503100,2023,32065.36
2503209,2023,61527.94
2503308,2023,16733.17
2503407,2023,13876.92
2503506,2023,11161.52
2503555,2023,11630.26
2503605,2023,12636.78
2503704,2023,28597.01
2503753,2023,18640.54
2503803,2023,16014.14
2503902,2023,14414.70
2504009,2023,30780.61
2504033,2023,14575.60
2504074,2023,13962.58
2504108,2023,17215.22
2504157,2023,12180.92
2504207,2023,14143.73
2504306,2023,20309.65
2504355,2023,16600.20
2504405,2023,14110.11
2504504,2023,13801.99
2504603,2023,59710.20
2504702,2023,17325.06
2504801,2023,17368.47
2504850,2023,16960.67
2504900,2023,14800.42
2505006,2023,13473.54
2505105,2023,13867.18
2505204,2023,13025.86
2505238,2023,13614.60
2505279,2023,14167.45
2505303,2023,14739.64
2505352,2023,12575.99
2505402,2023,11748.33
2505501,2023,13856.66
2505600,2023,11993.70
2505709,2023,11311.97
2505808,2023,15621.68
2505907,2023,15291.16
2506004,2023,27269.39
2506103,2023,12258.20
2506202,2023,13624.15
2506251,2023,12446.62
2506301,2023,25907.88
2506400,2023,14617.65
2506509,2023,15549.85
2506608,2023,11294.09
2506707,2023,10199.03
2506806,2023,15270.14
2506905,2023,18004.79
2507002,2023,18624.36
2507101,2023,14200.05
2507200,2023,20146.85
2507309,2023,15007.12
2507408,2023,12769.91
2507507,2023,34106.06
2507606,2023,11957.80
2507705,2023,15265.57
2507804,2023,18871.13
2507903,2023,15028.02
2508000,2023,12023.19
2508109,2023,14947.05
2508208,2023,13356.78
2508307,2023,15030.45
2508406,2023,11779.82
2508505,2023,12156.69
2508554,2023,13668.81
2508604,2023,22288.53
2508703,2023,12700.27
2508802,2023,12820.99
2508901,2023,24368.26
2509008,2023,10545.74
2509057,2023,13705.52
2509107,2023,14087.56
2509156,2023,14579.78
2509206,2023,13874.58
2509305,2023,28025.92
2509339,2023,17681.18
2509370,2023,15296.73
2509396,2023,12359.76
2509404,2023,15851.27
2509503,2023,11757.55
2509602,2023,13785.09
2509701,2023,26099.62
2509800,2023,12693.56
2509909,2023,12984.80
2510006,2023,11306.54
2510105,2023,11821.79
2510204,2023,12006.65
2510303,2023,12827.72
2510402,2023,12629.30
2510501,2023,14880.01
2510600,2023,16292.76
2510659,2023,16303.40
2510709,2023,14353.22
2510808,2023,24768.23
2510907,2023,16924.19
2511004,2023,12998.68
2511103,2023,13808.89
2511202,2023,28216.86
2511301,2023,15004.24
2511400,2023,14744.79
2511509,2023,12907.23
2511608,2023,19647.31
2511707,2023,12106.50
2511806,2023,12954.01
2511905,2023,28605.56
2512002,2023,19125.99
2512036,2023,14807.65
2512077,2023,15390.73
2512101,2023,18301.05
2512200,2023,21369.15
2512309,2023,16263.09
2512408,2023,13265.21
2512507,2023,16549.83
2512606,2023,17583.12
2512705,2023,12544.94
2512721,2023,12229.55
2512747,2023,14351.53
2512754,2023,14524.96
2512762,2023,15522.51
2512788,2023,18067.55
2512804,2023,13159.20
2512903,2023,15992.19
2513000,2023,12005.41
2513109,2023,15412.56
2513158,2023,11794.43
2513208,2023,12495.69
2513307,2023,14365.86
2513356,2023,12400.15
2513406,2023,38333.11
2513505,2023,12163.71
2513604,2023,12407.03
2513653,2023,16986.70
2513703,2023,21102.95
2513802,2023,15199.70
2513851,2023,15336.03
2513901,2023,22470.81
2513927,2023,14851.78
2513943,2023,15361.50
2513968,2023,16982.08
2513984,2023,15443.64
2514008,2023,16932.00
2514107,2023,12079.76
2514206,2023,12246.49
2514305,2023,12708.19
2514404,2023,16279.52
2514453,2023,13274.50
2514503,2023,15179.98
2514552,2023,12693.90
2514602,2023,12653.40
2514651,2023,21367.57
2514701,2023,31317.20
2514800,2023,13132.40
2514909,2023,13552.95
2515005,2023,17343.79
2515104,2023,12137.02
2515203,2023,14172.53
2515302,2023,16615.42
2515401,2023,10883.56
2515500,2023,13739.69
2515609,2023,15354.70
2515708,2023,13734.11
2515807,2023,10942.40
2515906,2023,16290.48
2515930,2023,14082.87
2515971,2023,16423.22
2516003,2023,16003.38
2516102,2023,22883.95
2516151,2023,14282.39
2516201,2023,25495.02
2516300,2023,14889.95
2516409,2023,13317.10
2516508,2023,12068.60
2516607,2023,11866.74
2516706,2023,15205.99
2516755,2023,13564.15
2516805,2023,12312.62
2516904,2023,16444.05
2517001,2023,12993.98
2517100,2023,17394.33
2517209,2023,12179.79
2517407,2023,15860.56
2600054,2023,21630.43
2600104,2023,16273.39
2600203,2023,14547.92
2600302,2023,15479.04
2600401,2023,9963.40
2600500,2023,11784.85
2600609,2023,14234.41
2600708,2023,13218.68
2600807,2023,14608.77
2600906,2023,16906.98
2601003,2023,18258.20
2601052,2023,10555.18
2601102,2023,20892.65
2601201,2023,19341.17
2601300,2023,16065.95
2601409,2023,16087.25
2601508,2023,10485.13
2601607,2023,39090.23
2601706,2023,43136.18
2601805,2023,10773.28
2601904,2023,17634.15
2602001,2023,11260.73
2602100,2023,18177.25
2602209,2023,11175.35
2602308,2023,19728.56
2602407,2023,24997.01
2602506,2023,12394.13
2602605,2023,10895.98
2602704,2023,12743.34
2602803,2023,12420.36
2602902,2023,78144.03
2603009,2023,17699.04
2603108,2023,14590.61
2603207,2023,17456.27
2603306,2023,12123.72
2603405,2023,11906.83
2603454,2023,16488.70
2603504,2023,12012.54
2603603,2023,55160.67
2603702,2023,14993.26
2603801,2023,14449.64
2603900,2023,11259.91
2603926,2023,8747.39
2604007,2023,24434.32
2604106,2023,29738.31
2604155,2023,9576.23
2604205,2023,12130.70
2604304,2023,12697.71
2604403,2023,14654.39
2604502,2023,15824.43
2604601,2023,11997.67
2604700,2023,12368.22
2604809,2023,14268.17
2604908,2023,10334.20
2605004,2023,15129.21
2605103,2023,20394.93
2605152,2023,18143.70
2605202,2023,26428.10
2605301,2023,13827.69
2605400,2023,12812.92
2605459,2023,96281.45
2605509,2023,11408.40
2605608,2023,12074.47
2605707,2023,19397.34
2605806,2023,11119.96
2605905,2023,13626.02
2606002,2023,26904.81
2606101,2023,21652.86
2606200,2023,171409.82
2606309,2023,13071.72
2606408,2023,18929.95
2606507,2023,13749.65
2606606,2023,15554.55
2606705,2023,13886.95
2606804,2023,32733.92
2606903,2023,11038.88
2607000,2023,10730.55
2607109,2023,13696.73
2607208,2023,181663.40
2607307,2023,14220.94
2607406,2023,18940.70
2607505,2023,12345.37
2607604,2023,12155.46
2607653,2023,16797.56
2607703,2023,12346.40
2607752,2023,117432.13
2607802,2023,13486.13
2607901,2023,31490.89
2607950,2023,12621.62
2608008,2023,12143.17
2608057,2023,13096.55
2608107,2023,12799.96
2608206,2023,12396.63
2608255,2023,12396.00
2608305,2023,16123.02
2608404,2023,10709.68
2608453,2023,18237.10
2608503,2023,28356.16
2608602,2023,12531.75
2608701,2023,11994.23
2608750,2023,29625.07
2608800,2023,17848.19
2608909,2023,17539.20
2609006,2023,15042.83
2609105,2023,24079.62
2609154,2023,7201.70
2609204,2023,11758.20
2609303,2023,15615.35
2609402,2023,20225.51
2609501,2023,25355.24
2609600,2023,20072.57
2609709,2023,26686.96
2609808,2023,14126.88
2609907,2023,15582.86
2610004,2023,21179.32
2610103,2023,12992.35
2610202,2023,10436.50
2610301,2023,25113.83
2610400,2023,14407.69
2610509,2023,10356.40
2610608,2023,20329.67
2610707,2023,20454.96
2610806,2023,18689.87
2610905,2023,17283.89
2611002,2023,45917.95
2611101,2023,27346.89
2611200,2023,12648.33
2611309,2023,24970.36
2611408,2023,23121.83
2611507,2023,11795.13
2611533,2023,11581.00
2611606,2023,44563.38
2611705,2023,14017.10
2611804,2023,17955.92
2611903,2023,18718.84
2612000,2023,18756.25
2612109,2023,13378.54
2612208,2023,22285.15
2612307,2023,18202.84
2612406,2023,14480.97
2612455,2023,11279.91
2612471,2023,12425.30
2612505,2023,21634.69
2612554,2023,10998.68
2612604,2023,19268.89
2612703,2023,10806.76
2612802,2023,11981.54
2612901,2023,9843.38
2613008,2023,38668.79
2613107,2023,15514.24
2613206,2023,15719.30
2613305,2023,13015.58
2613404,2023,20689.04
2613503,2023,15208.30
2613602,2023,15205.33
2613701,2023,16099.55
2613800,2023,23038.43
2613909,2023,21719.14
2614006,2023,10764.50
2614105,2023,12345.85
2614204,2023,22912.46
2614303,2023,10100.72
2614402,2023,11961.91
2614501,2023,17636.35
2614600,2023,12968.28
2614709,2023,16141.32
2614808,2023,10969.69
2614857,2023,18347.99
2615003,2023,16255.16
2615102,2023,13771.33
2615201,2023,14053.74
2615300,2023,19616.98
2615409,2023,19757.28
2615508,2023,14319.57
2615607,2023,21576.16
2615706,2023,13750.79
2615805,2023,10805.58
2615904,2023,11902.59
2616001,2023,17251.34
2616100,2023,11257.58
2616183,2023,12364.62
2616209,2023,10421.07
2616308,2023,23357.29
2616407,2023,44766.86
2616506,2023,17339.63
2700102,2023,12832.60
2700201,2023,19830.42
2700300,2023,29318.52
2700409,2023,43642.22
2700508,2023,21906.56
2700607,2023,38322.70
2700706,2023,18405.47
2700805,2023,39635.80
2700904,2023,33934.13
2701001,2023,26690.46
2701100,2023,88437.70
2701209,2023,18620.10
2701308,2023,13677.34
2701357,2023,16474.94
2701407,2023,27555.12
2701506,2023,13934.63
2701605,2023,15292.73
2701704,2023,16916.55
2701803,2023,10845.71
2701902,2023,49017.45
2702009,2023,21682.27
2702108,2023,23357.45
2702207,2023,20724.15
2702306,2023,47622.08
2702355,2023,18236.52
2702405,2023,17755.78
2702504,2023,14404.64
2702553,2023,11475.99
2702603,2023,22031.76
2702702,2023,55250.62
2702801,2023,26157.17
2702900,2023,16634.80
2703007,2023,16304.91
2703106,2023,13364.86
2703205,2023,32115.08
2703304,2023,13848.39
2703403,2023,15426.40
2703502,2023,27046.61
2703601,2023,35718.97
2703700,2023,16364.41
2703759,2023,48217.65
2703809,2023,31585.83
2703908,2023,22660.92
2704005,2023,29509.42
2704104,2023,18084.18
2704203,2023,32578.94
2704302,2023,35232.29
2704401,2023,16936.11
2704500,2023,37916.52
2704609,2023,14057.45
2704708,2023,52769.31
2704807,2023,16248.53
2704906,2023,16357.22
2705002,2023,18341.97
2705101,2023,21586.58
2705200,2023,22801.26
2705309,2023,18601.58
2705408,2023,15201.51
2705507,2023,42894.70
2705606,2023,23777.38
2705705,2023,16563.39
2705804,2023,12048.38
2705903,2023,16896.84
2706000,2023,12484.65
2706109,2023,13148.26
2706208,2023,11288.34
2706307,2023,19102.64
2706406,2023,11847.25
2706422,2023,11303.35
2706448,2023,21869.09
2706505,2023,27411.69
2706604,2023,16451.76
2706703,2023,19785.24
2706802,2023,30203.92
2706901,2023,27073.92
2707008,2023,19702.57
2707107,2023,15845.06
2707206,2023,11533.72
2707305,2023,22621.41
2707404,2023,48585.00
2707503,2023,14831.74
2707602,2023,17600.88
2707701,2023,21641.92
2707800,2023,38164.31
2707909,2023,28898.36
2708006,2023,18731.24
2708105,2023,99563.83
2708204,2023,19289.41
2708303,2023,39253.97
2708402,2023,13760.54
2708501,2023,34104.33
2708600,2023,30663.71
2708709,2023,36372.27
2708808,2023,23224.33
2708907,2023,15206.52
2708956,2023,11162.48
2709004,2023,16023.00
2709103,2023,34928.48
2709152,2023,24751.17
2709202,2023,15096.66
2709301,2023,28576.21
2709400,2023,24896.30
2800100,2023,22770.32
2800209,2023,17997.09
2800308,2023,36983.19
2800407,2023,19750.61
2800506,2023,19569.36
2800605,2023,59718.67
2800670,2023,17723.51
2800704,2023,15677.29
2801009,2023,19526.50
2801108,2023,25094.90
2801207,2023,110604.33
2801306,2023,18804.26
2801405,2023,36299.15
2801504,2023,33524.63
2801603,2023,15757.49
2801702,2023,34497.92
2801900,2023,21618.98
2802007,2023,55483.17
2802106,2023,22637.83
2802205,2023,28146.45
2802304,2023,37922.83
2802403,2023,19609.39
2802502,2023,16594.34
2802601,2023,23946.43
2802700,2023,14228.12
2802809,2023,19511.04
2802908,2023,28448.24
2803005,2023,21283.54
2803104,2023,21314.66
2803203,2023,16342.61
2803302,2023,33874.39
2803401,2023,22273.43
2803500,2023,21439.72
2803609,2023,26612.42
2803708,2023,19935.37
2803807,2023,18788.46
2803906,2023,19463.05
2804003,2023,20418.77
2804102,2023,25352.01
2804201,2023,23488.52
2804300,2023,14388.10
2804409,2023,23298.73
2804458,2023,22704.13
2804508,2023,25477.43
2804607,2023,21627.85
2804706,2023,18492.32
2804805,2023,14829.08
2804904,2023,17551.73
2805000,2023,26822.28
2805109,2023,17383.79
2805208,2023,24910.53
2805307,2023,19630.54
2805406,2023,22833.78
2805505,2023,17840.84
2805604,2023,23999.38
2805703,2023,23100.16
2805802,2023,22898.41
2805901,2023,27499.20
2806008,2023,21844.12
2806107,2023,42160.14
2806206,2023,15826.39
2806305,2023,17499.87
2806404,2023,21864.22
2806503,2023,15033.20
2806602,2023,20550.09
2806701,2023,14568.65
2806800,2023,15623.56
2806909,2023,18967.42
2807006,2023,23041.10
2807105,2023,21733.91
2807204,2023,25782.65
2807303,2023,16330.65
2807402,2023,22591.30
2807501,2023,17385.39
2807600,2023,30182.39
2900108,2023,11622.24
2900207,2023,12712.66
2900306,2023,13515.49
2900355,2023,19399.61
2900405,2023,12057.56
2900504,2023,9707.09
2900603,2023,16959.31
2900702,2023,37769.21
2900801,2023,17899.78
2900900,2023,15276.08
2901007,2023,16668.91
2901106,2023,21598.68
2901155,2023,13121.23
2901205,2023,11789.24
2901304,2023,13639.79
2901353,2023,16800.28
2901403,2023,16698.09
2901502,2023,10747.16
2901601,2023,13413.07
2901700,2023,12452.24
2901809,2023,9988.93
2901908,2023,12043.58
2901957,2023,13124.33
2902005,2023,12485.96
2902054,2023,28175.28
2902104,2023,13310.39
2902203,2023,14110.56
2902252,2023,13254.15
2902302,2023,12374.13
2902401,2023,16103.52
2902500,2023,26640.67
2902609,2023,12442.58
2902658,2023,12717.90
2902708,2023,10931.12
2902807,2023,22648.06
2902906,2023,14799.25
2903003,2023,10361.08
2903102,2023,18688.59
2903201,2023,59470.74
2903235,2023,10223.60
2903276,2023,19053.34
2903300,2023,19350.14
2903409,2023,21488.37
2903508,2023,11818.16
2903607,2023,15492.82
2903706,2023,10585.13
2903805,2023,11097.54
2903904,2023,23709.45
2903953,2023,9492.91
2904001,2023,10745.53
2904050,2023,16726.13
2904100,2023,11441.42
2904209,2023,11994.26
2904308,2023,13032.22
2904407,2023,16129.04
2904506,2023,12006.21
2904605,2023,27398.09
2904704,2023,16072.15
2904753,2023,9792.24
2904803,2023,15718.31
2904852,2023,11234.25
2904902,2023,17826.19
2905008,2023,19143.15
2905107,2023,12268.98
2905156,2023,10128.94
2905206,2023,23393.51
2905305,2023,15871.63
2905404,2023,81207.40
2905503,2023,10608.16
2905602,2023,20849.45
2905701,2023,91283.07
2905800,2023,18302.59
2905909,2023,12501.10
2906006,2023,22665.37
2906105,2023,10764.71
2906204,2023,12627.27
2906303,2023,15634.40
2906402,2023,10931.71
2906501,2023,79439.99
2906600,2023,13067.58
2906709,2023,11449.16
2906808,2023,13635.34
2906824,2023,12646.18
2906857,2023,15296.20
2906873,2023,24101.57
2906899,2023,12414.73
2906907,2023,20083.55
2907004,2023,16741.43
2907103,2023,13060.22
2907202,2023,15748.91
2907301,2023,17478.88
2907400,2023,27106.10
2907509,2023,19287.22
2907558,2023,11891.62
2907608,2023,11053.43
2907707,2023,13005.13
2907806,2023,16365.48
2907905,2023,12455.93
2908002,2023,14806.60
2908101,2023,38286.07
2908200,2023,20702.03
2908309,2023,14974.46
2908408,2023,16543.51
2908507,2023,74613.94
2908606,2023,15442.70
2908705,2023,11922.27
2908804,2023,14684.34
2908903,2023,12207.55
2909000,2023,10475.77
2909109,2023,14852.47
2909208,2023,15131.79
2909307,2023,117274.03
2909406,2023,16417.11
2909505,2023,13069.70
2909604,2023,13286.01
2909703,2023,15616.74
2909802,2023,21196.64
2909901,2023,14626.44
2910008,2023,14351.85
2910057,2023,33263.18
2910107,2023,14914.39
2910206,2023,13805.38
2910305,2023,13336.34
2910404,2023,13336.88
2910503,2023,20756.63
2910602,2023,24911.83
2910701,2023,15613.58
2910727,2023,37503.24
2910750,2023,16701.57
2910776,2023,14764.76
2910800,2023,35449.37
2910859,2023,11266.03
2910909,2023,18180.21
2911006,2023,12123.94
2911105,2023,205989.92
2911204,2023,18604.11
2911253,2023,14758.87
2911303,2023,51772.06
2911402,2023,19171.27
2911501,2023,16483.25
2911600,2023,13824.18
2911659,2023,10718.79
2911709,2023,23093.63
2911808,2023,16737.72
2911857,2023,13441.40
2911907,2023,12587.36
2912004,2023,11624.27
2912103,2023,12260.87
2912202,2023,24909.99
2912301,2023,16111.89
2912400,2023,12117.15
2912509,2023,11184.46
2912608,2023,13120.41
2912707,2023,15204.83
2912806,2023,54651.72
2912905,2023,14590.52
2913002,2023,9915.96
2913101,2023,10706.00
2913200,2023,20686.05
2913309,2023,11655.60
2913408,2023,15275.70
2913457,2023,18859.01
2913507,2023,13148.67
2913606,2023,40494.94
2913705,2023,21546.52
2913804,2023,10314.67
2913903,2023,17563.45
2914000,2023,14050.99
2914109,2023,13896.68
2914208,2023,13327.25
2914307,2023,11968.73
2914406,2023,29109.78
2914505,2023,13752.64
2914604,2023,26348.84
2914653,2023,23776.41
2914703,2023,19473.31
2914802,2023,27595.86
2914901,2023,20326.14
2915007,2023,11218.94
2915106,2023,11798.17
2915205,2023,48780.09
2915304,2023,24203.48
2915353,2023,14125.62
2915403,2023,18253.57
2915502,2023,20382.03
2915601,2023,23412.56
2915700,2023,16863.65
2915809,2023,16557.26
2915908,2023,18697.56
2916005,2023,19148.68
2916104,2023,15084.83
2916203,2023,13123.66
2916302,2023,35874.85
2916401,2023,29416.70
2916500,2023,16883.82
2916609,2023,12082.78
2916708,2023,12971.61
2916807,2023,22023.22
2916856,2023,32623.82
2916906,2023,13820.45
2917003,2023,12685.34
2917102,2023,16917.11
2917201,2023,19090.71
2917300,2023,19216.18
2917334,2023,16131.75
2917359,2023,164727.19
2917409,2023,10438.87
2917508,2023,24580.97
2917607,2023,17558.71
2917706,2023,24637.00
2917805,2023,14786.83
2917904,2023,23457.96
2918001,2023,24448.29
2918100,2023,16580.46
2918209,2023,14376.90
2918308,2023,17626.09
2918357,2023,13995.13
2918407,2023,25900.17
2918456,2023,15787.06
2918506,2023,9284.49
2918555,2023,15353.96
2918605,2023,11821.07
2918704,2023,17411.85
2918753,2023,10445.40
2918803,2023,16366.21
2918902,2023,34363.07
2919009,2023,18792.16
2919058,2023,13657.55
2919108,2023,9234.88
2919157,2023,14835.72
2919207,2023,43861.88
2919306,2023,19525.70
2919405,2023,13960.79
2919504,2023,16069.32
2919553,2023,107118.26
2919603,2023,10387.60
2919702,2023,12485.83
2919801,2023,13129.45
2919900,2023,11159.32
2919926,2023,38393.78
2919959,2023,11739.59
2920007,2023,24154.80
2920106,2023,11994.02
2920205,2023,15475.58
2920304,2023,12844.84
2920403,2023,11935.90
2920452,2023,8462.31
2920502,2023,25066.93
2920601,2023,13363.78
2920700,2023,17723.82
2920809,2023,12899.29
2920908,2023,14273.22
2921005,2023,40756.87
2921054,2023,11932.33
2921104,2023,22780.57
2921203,2023,13795.05
2921302,2023,16354.82
2921401,2023,10626.10
2921450,2023,10093.44
2921500,2023,12365.12
2921609,2023,12839.80
2921708,2023,46595.27
2921807,2023,11921.42
2921906,2023,49401.93
2922003,2023,82350.03
2922052,2023,21552.35
2922102,2023,12682.89
2922201,2023,12006.87
2922250,2023,25561.34
2922300,2023,13097.03
2922409,2023,25536.86
2922508,2023,17136.76
2922607,2023,16664.87
2922656,2023,9963.93
2922706,2023,16621.69
2922730,2023,15287.93
2922755,2023,19672.10
2922805,2023,11547.56
2922854,2023,12352.79
2922904,2023,14104.71
2923001,2023,17711.00
2923035,2023,12307.12
2923050,2023,11780.41
2923100,2023,13080.42
2923209,2023,20281.14
2923308,2023,14256.51
2923357,2023,16527.17
2923407,2023,14525.29
2923506,2023,14887.27
2923605,2023,15254.95
2923704,2023,11206.51
2923803,2023,21049.42
2923902,2023,14445.99
2924009,2023,37732.71
2924058,2023,12537.30
2924108,2023,11054.33
2924207,2023,12815.72
2924306,2023,10987.35
2924405,2023,10384.91
2924504,2023,19361.39
2924603,2023,11271.98
2924652,2023,12817.90
2924678,2023,14306.60
2924702,2023,10066.21
2924801,2023,12462.22
2924900,2023,11009.26
2925006,2023,13922.78
2925105,2023,14119.47
2925204,2023,94490.87
2925253,2023,13736.75
2925303,2023,29763.04
2925402,2023,14720.99
2925501,2023,22197.59
2925600,2023,11086.11
2925709,2023,9667.50
2925758,2023,15069.35
2925808,2023,12375.07
2925907,2023,10996.53
2925931,2023,12434.45
2925956,2023,21476.26
2926004,2023,14127.61
2926103,2023,12859.71
2926202,2023,87644.68
2926301,2023,16950.62
2926400,2023,13242.81
2926509,2023,14202.72
2926608,2023,17154.16
2926657,2023,13765.28
2926707,2023,15051.31
2926806,2023,10935.82
2926905,2023,11355.94
2927002,2023,36080.87
2927101,2023,15766.21
2927200,2023,19020.79
2927309,2023,16686.50
2927408,2023,31724.15
2927507,2023,10962.78
2927606,2023,10797.22
2927705,2023,22254.64
2927804,2023,16606.86
2927903,2023,11043.47
2928000,2023,17923.90
2928059,2023,11884.38
2928109,2023,18048.94
2928208,2023,17234.60
2928307,2023,9692.77
2928406,2023,14216.86
2928505,2023,15838.42
2928604,2023,24562.08
2928703,2023,29386.38
2928802,2023,24779.37
2928901,2023,259713.10
2928950,2023,12938.49
2929008,2023,17963.55
2929057,2023,18196.94
2929107,2023,13947.19
2929206,2023,684319.23
2929255,2023,10406.05
2929305,2023,42350.26
2929354,2023,13435.04
2929370,2023,15138.03
2929404,2023,20085.93
2929503,2023,23367.58
2929602,2023,19139.59
2929701,2023,22051.06
2929750,2023,15699.58
2929800,2023,11540.15
2929909,2023,18670.38
2930006,2023,13240.76
2930105,2023,16914.53
2930154,2023,15226.64
2930204,2023,41049.28
2930303,2023,15317.71
2930402,2023,9738.74
2930501,2023,17662.57
2930600,2023,11529.82
2930709,2023,74270.21
2930758,2023,11486.24
2930766,2023,12201.44
2930774,2023,35664.15
2930808,2023,10390.68
2930907,2023,28546.90
2931004,2023,15023.18
2931053,2023,17335.08
2931103,2023,10864.50
2931202,2023,14114.51
2931301,2023,11016.86
2931350,2023,25278.01
2931400,2023,17353.20
2931509,2023,11243.74
2931608,2023,18237.15
2931707,2023,15268.64
2931806,2023,10626.00
2931905,2023,16897.39
2932002,2023,12905.43
2932101,2023,16379.62
2932200,2023,17962.00
2932309,2023,16416.87
2932408,2023,13197.22
2932457,2023,17516.15
2932507,2023,25024.05
2932606,2023,15133.21
2932705,2023,17933.99
2932804,2023,18303.09
2932903,2023,25619.69
2933000,2023,14390.09
2933059,2023,11022.43
2933109,2023,19091.60
2933158,2023,42839.21
2933174,2023,17445.31
2933208,2023,16678.75
2933257,2023,19379.33
2933307,2023,34152.84
2933406,2023,12134.19
2933455,2023,17773.87
2933505,2023,17345.75
2933604,2023,17429.22
